name,accuracy,auc_score,precision_score,recall_score,f1_score
RandomForest,0.8949716139497161,0.9261678536120435,0.7585034013605442,0.5425790754257908,0.6326241134751773
